house,domain,meaning
1,self,self identity presence
2,resources,resources family values
3,communication,communication learning messages
4,private,home family private foundation
5,romance,romance creativity pleasure dating
6,routine,work routine service health habits
7,partnership,partnership committed relationships
8,intimacy,intimacy shared resources transformation
9,beliefs,distance beliefs higher learning
10,career,career status public role
11,social,social network community gains
12,withdrawal,private withdrawal isolation
